what,kind,bundleId,bundleVersion,description,time
deactivated,workbench,org.eclipse.ui.workbench,3.6.2.M20110210-1200,"",1349695233929
executed,command,org.eclipse.ui,3.6.2.M20110203-1100,"org.eclipse.ui.edit.paste",1349695235267
no handler,command,org.eclipse.ui,3.6.2.M20110203-1100,"org.eclipse.ui.edit.undo",1349695237136
executed,command,org.eclipse.ui,3.6.2.M20110203-1100,"org.eclipse.ui.edit.paste",1349695264667
executed,command,org.eclipse.ui,3.6.2.M20110203-1100,"org.eclipse.ui.edit.paste",1349695277362
executed,command,org.eclipse.ui,3.6.2.M20110203-1100,"org.eclipse.ui.edit.paste",1349695282867
executed,command,org.eclipse.ui,3.6.2.M20110203-1100,"org.eclipse.ui.edit.paste",1349695290378
executed,command,org.eclipse.ui,3.6.2.M20110203-1100,"org.eclipse.ui.edit.paste",1349695313742
started,bundle,org.eclipse.equinox.p2.director,2.0.3.R36x_v20101117-1018,"org.eclipse.equinox.p2.director",1349695318483
started,bundle,org.eclipse.equinox.p2.garbagecollector,1.0.100.v20100503,"org.eclipse.equinox.p2.garbagecollector",1349695320862
started,bundle,org.eclipse.equinox.p2.touchpoint.eclipse,2.0.3.R36x_v20101202,"org.eclipse.equinox.p2.touchpoint.eclipse",1349695321234
started,bundle,org.eclipse.equinox.frameworkadmin,2.0.0.v20100503,"org.eclipse.equinox.frameworkadmin",1349695323918
started,bundle,org.eclipse.equinox.simpleconfigurator.manipulator,2.0.0.v20100503,"org.eclipse.equinox.simpleconfigurator.manipulator",1349695323941
activated,workbench,org.eclipse.ui.workbench,3.6.2.M20110210-1200,"",1349695331006
executed,command,org.eclipse.equinox.p2.ui.sdk,1.0.100.v20100513,"org.eclipse.equinox.p2.ui.sdk.install",1349695331013
deactivated,workbench,org.eclipse.ui.workbench,3.6.2.M20110210-1200,"",1349695331285
activated,workbench,org.eclipse.ui.workbench,3.6.2.M20110210-1200,"",1349695364901
started,bundle,org.eclipse.equinox.frameworkadmin.equinox,1.0.200.v20100505,"org.eclipse.equinox.frameworkadmin.equinox",1349695364925
deactivated,workbench,org.eclipse.ui.workbench,3.6.2.M20110210-1200,"",1349695366028
error,log,,,"プラグイン ""org.eclipse.equinox.p2.garbagecollector"" からのコードの起動で問題が発生しました。",1349695369486
error,log,,,"プラグイン ""org.eclipse.equinox.p2.garbagecollector"" からのコードの起動で問題が発生しました。",1349695369505
activated,workbench,org.eclipse.ui.workbench,3.6.2.M20110210-1200,"",1349695373745
closed,workbench,org.eclipse.ui.workbench,3.6.2.M20110210-1200,"",1349695373868
started,bundle,org.eclipse.compare,3.5.101.R36x_v20100929-0800,"org.eclipse.compare",1349695374048
stopped,bundle,org.eclipse.mylyn.ide.ant,3.4.0.v20100608-0100-e3x,"org.eclipse.mylyn.ide.ant",1349695374162
stopped,bundle,com.omondo.uml.std,3.5.2.v20100509,"com.omondo.uml.std",1349695374163
stopped,bundle,org.eclipse.ant.ui,3.5.0.v20100427,"org.eclipse.ant.ui",1349695374164
stopped,bundle,org.eclipse.ant.launching,1.0.1.v20101020_r362,"org.eclipse.ant.launching",1349695374165
stopped,bundle,org.eclipse.compare.win32,1.0.101.R36x_v20101103-0618,"org.eclipse.compare.win32",1349695374165
stopped,bundle,org.eclipse.equinox.p2.ui.sdk,1.0.100.v20100513,"org.eclipse.equinox.p2.ui.sdk",1349695374165
stopped,bundle,org.eclipse.mylyn.java.tasks,3.4.0.v20100608-0100-e3x,"org.eclipse.mylyn.java.tasks",1349695374166
stopped,bundle,org.eclipse.mylyn.java.ui,3.4.0.v20100608-0100-e3x,"org.eclipse.mylyn.java.ui",1349695374167
stopped,bundle,com.android.ide.eclipse.adt,10.0.1.v201103111512-110841,"com.android.ide.eclipse.adt",1349695374167
stopped,bundle,org.eclipse.jdt.junit,3.6.1.r361_v20100825-0800,"org.eclipse.jdt.junit",1349695374168
stopped,bundle,org.eclipse.jdt.apt.ui,3.3.300.v20100513-0845,"org.eclipse.jdt.apt.ui",1349695374169
stopped,bundle,org.eclipse.wst.xsl.jaxp.debug.ui,1.0.100.v201004290328,"org.eclipse.wst.xsl.jaxp.debug.ui",1349695374169
stopped,bundle,com.omondo.uml.docgen,3.5.2.v20100509,"com.omondo.uml.docgen",1349695374171
stopped,bundle,com.omondo.uml.core,3.5.2.v20100509,"com.omondo.uml.core",1349695374174
stopped,bundle,org.eclipse.jdt.debug.ui,3.5.2.v20100928a_r362,"org.eclipse.jdt.debug.ui",1349695374176
stopped,bundle,com.android.ide.eclipse.traceview,10.0.1.v201103111512-110841,"com.android.ide.eclipse.traceview",1349695374176
stopped,bundle,com.omondo.uml.wtp.ui,1.4.0.v20100509,"com.omondo.uml.wtp.ui",1349695374176
stopped,bundle,com.omondo.uml.jee,1.4.0.v20100509,"com.omondo.uml.jee",1349695374177
stopped,bundle,com.omondo.uml.wtp,1.4.0.v20100509,"com.omondo.uml.wtp",1349695374177
stopped,bundle,org.eclipse.jdt.ui,3.6.2.r362_v20110203,"org.eclipse.jdt.ui",1349695374177
stopped,bundle,org.eclipse.wst.dtd.ui,1.0.500.v201004290328,"org.eclipse.wst.dtd.ui",1349695374177
stopped,bundle,org.eclipse.wst.xsd.ui,1.2.304.v201101251958,"org.eclipse.wst.xsd.ui",1349695374180
stopped,bundle,org.eclipse.php.server.ui,2.2.0.v20101001-2300,"org.eclipse.php.server.ui",1349695374181
stopped,bundle,org.eclipse.php.debug.ui,2.2.0.v20101001-2300,"org.eclipse.php.debug.ui",1349695374181
stopped,bundle,org.eclipse.php.debug.core,2.2.0.v20101001-2300,"org.eclipse.php.debug.core",1349695374181
stopped,bundle,org.eclipse.php.ui,2.2.1.v20101001-2300,"org.eclipse.php.ui",1349695374181
stopped,bundle,org.eclipse.wst.jsdt.web.ui,1.0.304.v201012160349,"org.eclipse.wst.jsdt.web.ui",1349695374181
stopped,bundle,org.eclipse.wst.web.ui,1.1.400.v201004141630,"org.eclipse.wst.web.ui",1349695374182
stopped,bundle,org.eclipse.wst.html.ui,1.0.504.v201101122108,"org.eclipse.wst.html.ui",1349695374183
stopped,bundle,org.eclipse.wst.css.ui,1.0.502.v201101122002,"org.eclipse.wst.css.ui",1349695374184
stopped,bundle,org.eclipse.wst.xsl.exslt.ui,1.0.0.v201006012005,"org.eclipse.wst.xsl.exslt.ui",1349695374184
stopped,bundle,org.eclipse.wst.xsl.ui,1.1.1.v201009091745,"org.eclipse.wst.xsl.ui",1349695374184
stopped,bundle,org.eclipse.wst.xml.xpath.ui,1.1.2.v201101212242,"org.eclipse.wst.xml.xpath.ui",1349695374185
stopped,bundle,org.eclipse.wst.xsl.debug.ui,1.0.101.v201102111830,"org.eclipse.wst.xsl.debug.ui",1349695374185
stopped,bundle,org.eclipse.wst.xml.ui,1.1.103.v201101122108,"org.eclipse.wst.xml.ui",1349695374185
stopped,bundle,org.eclipse.wst.common.ui,1.1.500.v200911190730,"org.eclipse.wst.common.ui",1349695374186
stopped,bundle,org.eclipse.wst.sse.ui,1.2.3.v201102102045,"org.eclipse.wst.sse.ui",1349695374186
stopped,bundle,org.eclipse.dltk.testing,1.0.0.v20090914-1703,"org.eclipse.dltk.testing",1349695374187
stopped,bundle,org.eclipse.dltk.debug.ui,2.0.0.v20100115-2213,"org.eclipse.dltk.debug.ui",1349695374188
activated,perspective,org.eclipse.jdt.ui,,"org.eclipse.jdt.ui.JavaPerspective",1349695392560
started,bundle,org.eclipse.osgi,3.6.2.R36x_v20110210,"org.eclipse.osgi",1349695392560
started,bundle,org.eclipse.equinox.simpleconfigurator,1.0.200.v20100503,"org.eclipse.equinox.simpleconfigurator",1349695392561
started,bundle,com.ibm.icu,4.2.1.v20100412,"com.ibm.icu",1349695392561
started,bundle,org.eclipse.core.contenttype,3.4.100.v20100505-1235,"org.eclipse.core.contenttype",1349695392561
started,bundle,org.eclipse.core.databinding.observable,1.3.0.I20100601-0800,"org.eclipse.core.databinding.observable",1349695392561
started,bundle,org.eclipse.core.expressions,3.4.200.v20100505,"org.eclipse.core.expressions",1349695392562
started,bundle,org.eclipse.core.filebuffers,3.5.100.v20100520-0800,"org.eclipse.core.filebuffers",1349695392562
started,bundle,org.eclipse.core.filesystem,1.3.1.R36x_v20100727-0745,"org.eclipse.core.filesystem",1349695392562
started,bundle,org.eclipse.core.jobs,3.5.1.R36x_v20100824,"org.eclipse.core.jobs",1349695392562
started,bundle,org.eclipse.core.net,1.2.100.I20100511-0800,"org.eclipse.core.net",1349695392562
started,bundle,org.eclipse.core.resources,3.6.1.R36x_v20110131-1630,"org.eclipse.core.resources",1349695392562
started,bundle,org.eclipse.core.runtime,3.6.0.v20100505,"org.eclipse.core.runtime",1349695392562
started,bundle,org.eclipse.core.runtime.compatibility,3.2.100.v20100505,"org.eclipse.core.runtime.compatibility",1349695392563
started,bundle,org.eclipse.core.runtime.compatibility.auth,3.2.200.v20100517,"org.eclipse.core.runtime.compatibility.auth",1349695392563
started,bundle,org.eclipse.epp.usagedata.gathering,1.3.1.R201102081640,"org.eclipse.epp.usagedata.gathering",1349695392563
started,bundle,org.eclipse.epp.usagedata.recording,1.3.1.R201102081640,"org.eclipse.epp.usagedata.recording",1349695392564
started,bundle,org.eclipse.equinox.app,1.3.1.R36x_v20100803,"org.eclipse.equinox.app",1349695392564
started,bundle,org.eclipse.equinox.common,3.6.0.v20100503,"org.eclipse.equinox.common",1349695392564
started,bundle,org.eclipse.equinox.ds,1.2.1.R36x_v20100803,"org.eclipse.equinox.ds",1349695392565
started,bundle,org.eclipse.equinox.event,1.2.0.v20100503,"org.eclipse.equinox.event",1349695392565
started,bundle,org.eclipse.equinox.frameworkadmin,2.0.0.v20100503,"org.eclipse.equinox.frameworkadmin",1349695392566
started,bundle,org.eclipse.equinox.frameworkadmin.equinox,1.0.200.v20100505,"org.eclipse.equinox.frameworkadmin.equinox",1349695392567
started,bundle,org.eclipse.equinox.p2.artifact.repository,1.1.1.R36x_v20100901,"org.eclipse.equinox.p2.artifact.repository",1349695392567
started,bundle,org.eclipse.equinox.p2.core,2.0.3.R36x_v20110111,"org.eclipse.equinox.p2.core",1349695392568
started,bundle,org.eclipse.equinox.p2.director,2.0.3.R36x_v20101117-1018,"org.eclipse.equinox.p2.director",1349695392568
started,bundle,org.eclipse.equinox.p2.directorywatcher,1.0.203.R36x_v20101220,"org.eclipse.equinox.p2.directorywatcher",1349695392569
started,bundle,org.eclipse.equinox.p2.engine,2.0.1.R36x_v20110201,"org.eclipse.equinox.p2.engine",1349695392569
started,bundle,org.eclipse.equinox.p2.extensionlocation,1.2.0.v20100518,"org.eclipse.equinox.p2.extensionlocation",1349695392569
started,bundle,org.eclipse.equinox.p2.garbagecollector,1.0.100.v20100503,"org.eclipse.equinox.p2.garbagecollector",1349695392569
started,bundle,org.eclipse.equinox.p2.metadata,2.0.1.R36x_v20101202,"org.eclipse.equinox.p2.metadata",1349695392570
started,bundle,org.eclipse.equinox.p2.metadata.repository,1.1.0.v20100513,"org.eclipse.equinox.p2.metadata.repository",1349695392570
started,bundle,org.eclipse.equinox.p2.operations,2.0.0.v20100510,"org.eclipse.equinox.p2.operations",1349695392571
started,bundle,org.eclipse.equinox.p2.publisher,1.1.2.v20100824-2220,"org.eclipse.equinox.p2.publisher",1349695392571
started,bundle,org.eclipse.equinox.p2.reconciler.dropins,1.1.2.R36x_v20110114,"org.eclipse.equinox.p2.reconciler.dropins",1349695392571
started,bundle,org.eclipse.equinox.p2.repository,2.0.2.R36x_v20110111-1500,"org.eclipse.equinox.p2.repository",1349695392572
started,bundle,org.eclipse.equinox.p2.touchpoint.eclipse,2.0.3.R36x_v20101202,"org.eclipse.equinox.p2.touchpoint.eclipse",1349695392572
started,bundle,org.eclipse.equinox.p2.ui.sdk.scheduler,1.0.0.v20100507-1815,"org.eclipse.equinox.p2.ui.sdk.scheduler",1349695392572
started,bundle,org.eclipse.equinox.p2.updatechecker,1.1.101.R36x_v20100823,"org.eclipse.equinox.p2.updatechecker",1349695392572
started,bundle,org.eclipse.equinox.preferences,3.3.0.v20100503,"org.eclipse.equinox.preferences",1349695392572
started,bundle,org.eclipse.equinox.registry,3.5.0.v20100503,"org.eclipse.equinox.registry",1349695392572
started,bundle,org.eclipse.equinox.security,1.0.200.v20100503,"org.eclipse.equinox.security",1349695392572
started,bundle,org.eclipse.equinox.simpleconfigurator.manipulator,2.0.0.v20100503,"org.eclipse.equinox.simpleconfigurator.manipulator",1349695392573
started,bundle,org.eclipse.equinox.util,1.0.200.v20100503,"org.eclipse.equinox.util",1349695392574
started,bundle,org.eclipse.help,3.5.0.v20100524,"org.eclipse.help",1349695392574
started,bundle,org.eclipse.jdt.core,3.6.2.v_A76_R36x,"org.eclipse.jdt.core",1349695392574
started,bundle,org.eclipse.jdt.core.manipulation,1.3.0.v20100520-0800,"org.eclipse.jdt.core.manipulation",1349695392574
started,bundle,org.eclipse.jdt.ui,3.6.2.r362_v20110203,"org.eclipse.jdt.ui",1349695392574
started,bundle,org.eclipse.jface,3.6.2.M20110210-1200,"org.eclipse.jface",1349695392575
started,bundle,org.eclipse.jsch.core,1.1.200.I20100505-1245,"org.eclipse.jsch.core",1349695392575
started,bundle,org.eclipse.mylyn.bugzilla.core,3.4.2.v20100902-0100-e3x,"org.eclipse.mylyn.bugzilla.core",1349695392575
started,bundle,org.eclipse.mylyn.bugzilla.ui,3.4.3.v20110131-0100-e3x,"org.eclipse.mylyn.bugzilla.ui",1349695392575
started,bundle,org.eclipse.mylyn.commons.net,3.4.1.v20100625-2100-e3x,"org.eclipse.mylyn.commons.net",1349695392575
started,bundle,org.eclipse.mylyn.commons.ui,3.4.0.v20100608-0100-e3x,"org.eclipse.mylyn.commons.ui",1349695392575
started,bundle,org.eclipse.mylyn.context.core,3.4.1.v20100909-0100-e3x,"org.eclipse.mylyn.context.core",1349695392576
started,bundle,org.eclipse.mylyn.context.ui,3.4.2.v20110131-0100-e3x,"org.eclipse.mylyn.context.ui",1349695392576
started,bundle,org.eclipse.mylyn.monitor.ui,3.4.1.v20110131-0100-e3x,"org.eclipse.mylyn.monitor.ui",1349695392576
started,bundle,org.eclipse.mylyn.tasks.ui,3.4.3.v20110131-0100-e3x,"org.eclipse.mylyn.tasks.ui",1349695392576
started,bundle,org.eclipse.team.core,3.5.101.R36x_v20110203-1036,"org.eclipse.team.core",1349695392576
started,bundle,org.eclipse.team.cvs.core,3.3.301.R36x_v20110119-0815,"org.eclipse.team.cvs.core",1349695392576
started,bundle,org.eclipse.team.cvs.ui,3.3.302.R36x_v20110203-1036,"org.eclipse.team.cvs.ui",1349695392576
started,bundle,org.eclipse.team.ui,3.5.102.R36x_v20110203-1036,"org.eclipse.team.ui",1349695392576
started,bundle,org.eclipse.ui,3.6.2.M20110203-1100,"org.eclipse.ui",1349695392576
started,bundle,org.eclipse.ui.console,3.5.0.v20100526,"org.eclipse.ui.console",1349695392576
started,bundle,org.eclipse.ui.editors,3.6.1.r361_v20100825-0800,"org.eclipse.ui.editors",1349695392576
started,bundle,org.eclipse.ui.forms,3.5.2.r36_v20100702,"org.eclipse.ui.forms",1349695392577
started,bundle,org.eclipse.ui.ide,3.6.2.M20101201-0800,"org.eclipse.ui.ide",1349695392577
started,bundle,org.eclipse.ui.net,1.2.100.I20100505-1245,"org.eclipse.ui.net",1349695392577
started,bundle,org.eclipse.ui.views,3.5.1.M20110202-0800,"org.eclipse.ui.views",1349695392577
started,bundle,org.eclipse.ui.workbench,3.6.2.M20110210-1200,"org.eclipse.ui.workbench",1349695392577
started,bundle,org.eclipse.ui.workbench.texteditor,3.6.1.r361_v20100714-0800,"org.eclipse.ui.workbench.texteditor",1349695392577
started,bundle,org.eclipse.update.configurator,3.3.100.v20100512,"org.eclipse.update.configurator",1349695392577
started,bundle,org.eclipse.update.core,3.2.402.R36x_v20100629,"org.eclipse.update.core",1349695392577
started,bundle,org.eclipse.update.scheduler,3.2.300.v20100512,"org.eclipse.update.scheduler",1349695392577
os,sysinfo,,,"win32",1349695392581
arch,sysinfo,,,"x86_64",1349695392581
ws,sysinfo,,,"win32",1349695392581
locale,sysinfo,,,"ja_JP",1349695392581
processors,sysinfo,,,"8",1349695392581
java.runtime.name,sysinfo,,,"Java(TM) SE Runtime Environment",1349695392581
java.runtime.version,sysinfo,,,"1.6.0_25-b06",1349695392581
java.specification.name,sysinfo,,,"Java Platform API Specification",1349695392581
java.specification.vendor,sysinfo,,,"Sun Microsystems Inc.",1349695392581
java.specification.version,sysinfo,,,"1.6",1349695392581
java.vendor,sysinfo,,,"Sun Microsystems Inc.",1349695392581
java.version,sysinfo,,,"1.6.0_25",1349695392581
java.vm.info,sysinfo,,,"mixed mode",1349695392581
java.vm.name,sysinfo,,,"Java HotSpot(TM) 64-Bit Server VM",1349695392581
java.vm.specification.name,sysinfo,,,"Java Virtual Machine Specification",1349695392581
java.vm.specification.vendor,sysinfo,,,"Sun Microsystems Inc.",1349695392581
java.vm.specification.version,sysinfo,,,"1.0",1349695392581
java.vm.vendor,sysinfo,,,"Sun Microsystems Inc.",1349695392581
java.vm.version,sysinfo,,,"20.0-b11",1349695392581
error,log,,,"Unable to create editor ID com.android.ide.eclipse.editors.layout.LayoutEditor: No editor descriptor for id com.android.ide.eclipse.editors.layout.LayoutEditor",1349695395061
opened,editor,,,"com.android.ide.eclipse.editors.layout.LayoutEditor",1349695395070
opened,editor,,,"com.android.ide.eclipse.editors.layout.LayoutEditor",1349695395074
activated,editor,,,"com.android.ide.eclipse.editors.layout.LayoutEditor",1349695395083
error,log,,,"Unable to create editor ID com.android.ide.eclipse.editors.layout.LayoutEditor: No editor descriptor for id com.android.ide.eclipse.editors.layout.LayoutEditor",1349695396019
opened,editor,,,"com.android.ide.eclipse.editors.layout.LayoutEditor",1349695396027
opened,editor,,,"com.android.ide.eclipse.editors.layout.LayoutEditor",1349695396030
activated,editor,,,"com.android.ide.eclipse.editors.layout.LayoutEditor",1349695396039
error,log,,,"Unable to create editor ID com.android.ide.eclipse.editors.layout.LayoutEditor: No editor descriptor for id com.android.ide.eclipse.editors.layout.LayoutEditor",1349695396558
opened,editor,,,"com.android.ide.eclipse.editors.layout.LayoutEditor",1349695396566
opened,editor,,,"com.android.ide.eclipse.editors.layout.LayoutEditor",1349695396569
activated,editor,,,"com.android.ide.eclipse.editors.layout.LayoutEditor",1349695396578
error,log,,,"Unable to create editor ID com.android.ide.eclipse.editors.layout.LayoutEditor: No editor descriptor for id com.android.ide.eclipse.editors.layout.LayoutEditor",1349695397178
opened,editor,,,"com.android.ide.eclipse.editors.layout.LayoutEditor",1349695397187
opened,editor,,,"com.android.ide.eclipse.editors.layout.LayoutEditor",1349695397190
activated,editor,,,"com.android.ide.eclipse.editors.layout.LayoutEditor",1349695397199
error,log,,,"Unable to create editor ID com.android.ide.eclipse.editors.layout.LayoutEditor: No editor descriptor for id com.android.ide.eclipse.editors.layout.LayoutEditor",1349695397992
opened,editor,,,"com.android.ide.eclipse.editors.layout.LayoutEditor",1349695398000
opened,editor,,,"com.android.ide.eclipse.editors.layout.LayoutEditor",1349695398004
activated,editor,,,"com.android.ide.eclipse.editors.layout.LayoutEditor",1349695398012
closed,editor,,,"com.android.ide.eclipse.editors.layout.LayoutEditor",1349695400050
closed,editor,,,"com.android.ide.eclipse.editors.layout.LayoutEditor",1349695400924
closed,editor,,,"com.android.ide.eclipse.editors.layout.LayoutEditor",1349695401695
closed,editor,,,"com.android.ide.eclipse.editors.layout.LayoutEditor",1349695402411
closed,editor,,,"com.android.ide.eclipse.editors.layout.LayoutEditor",1349695403368
activated,view,org.eclipse.jdt.ui,3.6.2.r362_v20110203,"org.eclipse.jdt.ui.PackageExplorer",1349695404199
closed,editor,,,"com.android.ide.eclipse.editors.layout.LayoutEditor",1349695404200
started,bundle,org.eclipse.debug.core,3.6.0.v20100519,"org.eclipse.debug.core",1349695405450
started,bundle,org.eclipse.jdt.launching,3.5.200.v20110105_r362,"org.eclipse.jdt.launching",1349695405461
started,bundle,org.eclipse.wst.sse.core,1.1.504.v201102160550,"org.eclipse.wst.sse.core",1349695405575
started,bundle,org.eclipse.ltk.core.refactoring,3.5.101.r362_v20101117-0800,"org.eclipse.ltk.core.refactoring",1349695406284
started,bundle,org.eclipse.ltk.ui.refactoring,3.5.0.v20100526-0800,"org.eclipse.ltk.ui.refactoring",1349695406285
started,bundle,org.eclipse.wst.xml.ui,1.1.103.v201101122108,"org.eclipse.wst.xml.ui",1349695412709
started,bundle,org.eclipse.wst.sse.ui,1.2.3.v201102102045,"org.eclipse.wst.sse.ui",1349695412715
started,bundle,org.eclipse.wst.xml.core,1.1.503.v201102102045,"org.eclipse.wst.xml.core",1349695412794
started,bundle,org.eclipse.debug.ui,3.6.3.v20101201_r362,"org.eclipse.debug.ui",1349695412914
started,bundle,org.eclipse.wst.common.uriresolver,1.1.401.v201004280700,"org.eclipse.wst.common.uriresolver",1349695413127
started,bundle,org.eclipse.wst.validation,1.2.201.v201101270100,"org.eclipse.wst.validation",1349695413393
started,bundle,org.eclipse.wst.common.project.facet.core,1.4.102.v201008170019,"org.eclipse.wst.common.project.facet.core",1349695413395
started,bundle,org.eclipse.wst.dtd.ui,1.0.500.v201004290328,"org.eclipse.wst.dtd.ui",1349695413443
started,bundle,org.eclipse.emf.common,2.6.0.v20100914-1218,"org.eclipse.emf.common",1349695413472
started,bundle,org.eclipse.compare.core,3.5.101.R36x_v20100929-0800,"org.eclipse.compare.core",1349695413510
opened,editor,org.eclipse.wst.xml.ui,1.1.103.v201101122108,"org.eclipse.wst.xml.ui.internal.tabletree.XMLMultiPageEditorPart",1349695413605
started,bundle,org.eclipse.jdt.debug,3.6.1.v20100715_r361,"org.eclipse.jdt.debug",1349695413784
activated,editor,org.eclipse.wst.xml.ui,1.1.103.v201101122108,"org.eclipse.wst.xml.ui.internal.tabletree.XMLMultiPageEditorPart",1349695413808
started,bundle,org.eclipse.wst.common.frameworks,1.2.0.v201003040800,"org.eclipse.wst.common.frameworks",1349695414445
started,bundle,org.eclipse.wst.internet.cache,1.0.400.v201004280700,"org.eclipse.wst.internet.cache",1349695414583
started,bundle,org.eclipse.core.variables,3.2.400.v20100505,"org.eclipse.core.variables",1349695414642
activated,view,org.eclipse.jdt.ui,3.6.2.r362_v20110203,"org.eclipse.jdt.ui.PackageExplorer",1349695415925
opened,editor,org.eclipse.wst.xml.ui,1.1.103.v201101122108,"org.eclipse.wst.xml.ui.internal.tabletree.XMLMultiPageEditorPart",1349695416835
activated,editor,org.eclipse.wst.xml.ui,1.1.103.v201101122108,"org.eclipse.wst.xml.ui.internal.tabletree.XMLMultiPageEditorPart",1349695416895
activated,view,org.eclipse.jdt.ui,3.6.2.r362_v20110203,"org.eclipse.jdt.ui.PackageExplorer",1349695423388
opened,editor,org.eclipse.wst.xml.ui,1.1.103.v201101122108,"org.eclipse.wst.xml.ui.internal.tabletree.XMLMultiPageEditorPart",1349695423578
activated,editor,org.eclipse.wst.xml.ui,1.1.103.v201101122108,"org.eclipse.wst.xml.ui.internal.tabletree.XMLMultiPageEditorPart",1349695423615
activated,view,org.eclipse.jdt.ui,3.6.2.r362_v20110203,"org.eclipse.jdt.ui.PackageExplorer",1349695424165
opened,editor,org.eclipse.wst.xml.ui,1.1.103.v201101122108,"org.eclipse.wst.xml.ui.internal.tabletree.XMLMultiPageEditorPart",1349695424395
activated,editor,org.eclipse.wst.xml.ui,1.1.103.v201101122108,"org.eclipse.wst.xml.ui.internal.tabletree.XMLMultiPageEditorPart",1349695424434
activated,view,org.eclipse.jdt.ui,3.6.2.r362_v20110203,"org.eclipse.jdt.ui.PackageExplorer",1349695425330
opened,editor,org.eclipse.wst.xml.ui,1.1.103.v201101122108,"org.eclipse.wst.xml.ui.internal.tabletree.XMLMultiPageEditorPart",1349695425552
activated,editor,org.eclipse.wst.xml.ui,1.1.103.v201101122108,"org.eclipse.wst.xml.ui.internal.tabletree.XMLMultiPageEditorPart",1349695425590
activated,view,org.eclipse.jdt.ui,3.6.2.r362_v20110203,"org.eclipse.jdt.ui.PackageExplorer",1349695426814
opened,editor,org.eclipse.wst.xml.ui,1.1.103.v201101122108,"org.eclipse.wst.xml.ui.internal.tabletree.XMLMultiPageEditorPart",1349695427035
activated,editor,org.eclipse.wst.xml.ui,1.1.103.v201101122108,"org.eclipse.wst.xml.ui.internal.tabletree.XMLMultiPageEditorPart",1349695427081
activated,view,org.eclipse.jdt.ui,3.6.2.r362_v20110203,"org.eclipse.jdt.ui.PackageExplorer",1349695432491
activated,editor,org.eclipse.wst.xml.ui,1.1.103.v201101122108,"org.eclipse.wst.xml.ui.internal.tabletree.XMLMultiPageEditorPart",1349695432642
activated,view,org.eclipse.jdt.ui,3.6.2.r362_v20110203,"org.eclipse.jdt.ui.PackageExplorer",1349695441107
opened,editor,org.eclipse.jdt.ui,3.6.2.r362_v20110203,"org.eclipse.jdt.ui.CompilationUnitEditor",1349695443238
started,bundle,org.eclipse.jdt.debug.ui,3.5.2.v20100928a_r362,"org.eclipse.jdt.debug.ui",1349695443375
activated,editor,org.eclipse.jdt.ui,3.6.2.r362_v20110203,"org.eclipse.jdt.ui.CompilationUnitEditor",1349695443406
started,bundle,org.eclipse.jdt.junit,3.6.1.r361_v20100825-0800,"org.eclipse.jdt.junit",1349695443432
activated,editor,org.eclipse.wst.xml.ui,1.1.103.v201101122108,"org.eclipse.wst.xml.ui.internal.tabletree.XMLMultiPageEditorPart",1349695449534
closed,editor,org.eclipse.jdt.ui,3.6.2.r362_v20110203,"org.eclipse.jdt.ui.CompilationUnitEditor",1349695449545
deactivated,workbench,org.eclipse.ui.workbench,3.6.2.M20110210-1200,"",1349695454325
activated,workbench,org.eclipse.ui.workbench,3.6.2.M20110210-1200,"",1349695534452
deactivated,workbench,org.eclipse.ui.workbench,3.6.2.M20110210-1200,"",1349695536885
activated,workbench,org.eclipse.ui.workbench,3.6.2.M20110210-1200,"",1349695542873
deactivated,workbench,org.eclipse.ui.workbench,3.6.2.M20110210-1200,"",1349695549176
activated,workbench,org.eclipse.ui.workbench,3.6.2.M20110210-1200,"",1349695550349
executed,command,org.eclipse.ui.ide,3.6.2.M20101201-0800,"org.eclipse.ui.project.cleanAction",1349695550359
deactivated,workbench,org.eclipse.ui.workbench,3.6.2.M20110210-1200,"",1349695550670
activated,workbench,org.eclipse.ui.workbench,3.6.2.M20110210-1200,"",1349695550769
activated,editor,org.eclipse.wst.xml.ui,1.1.103.v201101122108,"org.eclipse.wst.xml.ui.internal.tabletree.XMLMultiPageEditorPart",1349695552853
closed,editor,org.eclipse.wst.xml.ui,1.1.103.v201101122108,"org.eclipse.wst.xml.ui.internal.tabletree.XMLMultiPageEditorPart",1349695552861
closed,editor,org.eclipse.wst.xml.ui,1.1.103.v201101122108,"org.eclipse.wst.xml.ui.internal.tabletree.XMLMultiPageEditorPart",1349695553603
activated,editor,org.eclipse.wst.xml.ui,1.1.103.v201101122108,"org.eclipse.wst.xml.ui.internal.tabletree.XMLMultiPageEditorPart",1349695554811
closed,editor,org.eclipse.wst.xml.ui,1.1.103.v201101122108,"org.eclipse.wst.xml.ui.internal.tabletree.XMLMultiPageEditorPart",1349695554826
activated,editor,org.eclipse.wst.xml.ui,1.1.103.v201101122108,"org.eclipse.wst.xml.ui.internal.tabletree.XMLMultiPageEditorPart",1349695555814
closed,editor,org.eclipse.wst.xml.ui,1.1.103.v201101122108,"org.eclipse.wst.xml.ui.internal.tabletree.XMLMultiPageEditorPart",1349695555823
activated,editor,org.eclipse.wst.xml.ui,1.1.103.v201101122108,"org.eclipse.wst.xml.ui.internal.tabletree.XMLMultiPageEditorPart",1349695556387
closed,editor,org.eclipse.wst.xml.ui,1.1.103.v201101122108,"org.eclipse.wst.xml.ui.internal.tabletree.XMLMultiPageEditorPart",1349695556398
activated,view,org.eclipse.jdt.ui,3.6.2.r362_v20110203,"org.eclipse.jdt.ui.PackageExplorer",1349695556956
closed,editor,org.eclipse.wst.xml.ui,1.1.103.v201101122108,"org.eclipse.wst.xml.ui.internal.tabletree.XMLMultiPageEditorPart",1349695556959
deactivated,workbench,org.eclipse.ui.workbench,3.6.2.M20110210-1200,"",1349695559265
started,bundle,org.eclipse.help.base,3.5.3.v201102101200,"org.eclipse.help.base",1349695561365
started,bundle,org.eclipse.help.ui,3.5.3.r36_20101116,"org.eclipse.help.ui",1349695561374
started,bundle,org.eclipse.ui.browser,3.3.1.r36_20101216,"org.eclipse.ui.browser",1349695561392
activated,workbench,org.eclipse.ui.workbench,3.6.2.M20110210-1200,"",1349695568211
started,bundle,org.eclipse.jdt.junit.core,3.6.1.r361_v20100825-0800,"org.eclipse.jdt.junit.core",1349695576249
deactivated,workbench,org.eclipse.ui.workbench,3.6.2.M20110210-1200,"",1349695576879
activated,workbench,org.eclipse.ui.workbench,3.6.2.M20110210-1200,"",1349695578430
deactivated,workbench,org.eclipse.ui.workbench,3.6.2.M20110210-1200,"",1349695582876
activated,workbench,org.eclipse.ui.workbench,3.6.2.M20110210-1200,"",1349695589227
deactivated,workbench,org.eclipse.ui.workbench,3.6.2.M20110210-1200,"",1349695591495
activated,workbench,org.eclipse.ui.workbench,3.6.2.M20110210-1200,"",1349695629886
deactivated,workbench,org.eclipse.ui.workbench,3.6.2.M20110210-1200,"",1349695641196
activated,workbench,org.eclipse.ui.workbench,3.6.2.M20110210-1200,"",1349695642694
started,bundle,org.eclipse.equinox.p2.ui.sdk,1.0.100.v20100513,"org.eclipse.equinox.p2.ui.sdk",1349695645970
